{
  "name": "The Planets of the Solar System",
  "playing": false,
  "isLoaded": false,
  "elapsedTime": 0,
  "collisions": true,
  "massBeingModified": {
    "name": "Sun",
    "unitName": "Solar Units",
    "unitMassQuantity": 1,
    "m": 1
  },
  "category": {
    "name": "Solar System",
    "subCategory": "Planets"
  },
  "camera": {
    "cameraFocus": "Sun",
    "logarithmicDepthBuffer": false,
    "rotatingReferenceFrame": "Sun",
    "cameraDistanceToOrigoInAu": 0
  },
  "integrator": {
    "name": "RK4",
    "g": 39.5,
    "dt": 0.005,
    "tol": 0.025,
    "maxDt": 0.01,
    "minDt": 0.0001,
    "useBarnesHut": false,
    "theta": 0.5,
    "softeningConstant": 0
  },
  "barycenter": {
    "display": false,
    "barycenterMassOne": "Earth",
    "barycenterMassTwo": "Sun",
    "systemBarycenter": true
  },
  "graphics": {
    "orbits": true,
    "habitableZone": false,
    "trails": true,
    "labels": true
  },
  "masses": [
    {
      "name": "Sun",
      "type": "star",
      "m": 1,
      "radius": 10270,
      "tilt": 0,
      "elements": {
        "a": 0,
        "e": 0,
        "i": 0,
        "argP": 0,
        "lAn": 0,
        "eccAnom": 0
      },
      "position": {
        "x": 0,
        "y": 0,
        "z": 0
      },
      "velocity": {
        "x": 0,
        "y": 0,
        "z": 0
      }
    },
    {
      "name": "Earth",
      "type": "planet",
      "m": 0.000003003,
      "radius": 91.74311926605505,
      "tilt": -23.44,
      "atmosphere": "blue",
      "elements": {
        "a": 0,
        "e": 0,
        "i": 0,
        "argP": 0,
        "lAn": 0,
        "eccAnom": 0
      },
      "position": {
        "x": 0.9197324105567349,
        "y": -0.4147318273536994,
        "z": -0.00001750037390352759
      },
      "velocity": {
        "x": 2.4645428337894026,
        "y": 5.7097644117945805,
        "z": -0.00033177815766459033
      }
    },
    {
      "name": "Arjuna",
      "type": "planet",
      "m": 0.000000000000000000000000003003,
      "radius": 91.74311926605505,
      "tilt": -23.44,
      "atmosphere": "blue",
      "elements": {
        "a": 0,
        "e": 0,
        "i": 0,
        "argP": 0,
        "lAn": 0,
        "eccAnom": 0
      },
      "position": {
        "x": 3.679682868010402,
        "y": -16.90385340779421,
        "z": 26.32485723034872
      },
      "velocity": {
        "x": -0.8127258738687134,
        "y": 3.0458386360240897,
        "z": -4.839022858847442
      }
    }
  ]
}
